username,profile_url,post_url,post_content,,status,reply,generated_message
@thescottleese,https://x.com/thescottleese,https://x.com/thescottleese/status/2028604148766134732,Pandadoc interface is hard to nav to find existing deals. like why cant they highlight active versus expired? Or am I a doofus and it does and its user error?,,pending_approval,none,"[""Hey Scottleese, I'm Sneh. Saw your post about PandaDoc navigation pain. We had the same frustration - that's why we built ProposalBiz with AI that builds proposals from a single prompt and shows you exactly what's active vs expired. Saved us hours of hunting."", ""I feel that, we used to get lost in Pandadoc too, hunting for deals between active and expired. That's exactly why we built ProposalBiz with a clean view so you can see active deals instantly without digging.""]"
@HaveAIDoIt,https://x.com/HaveAIDoIt,https://x.com/HaveAIDoIt/status/2028582137163636926,"The template that cuts 90% of handoffs: n8n webhook → Airtable ""Client"" record → Slack DM to you → http://Make.com fills a PandaDoc contract → DocuSign envelope → Airtable flips to ""Signed"" → Gmail welcome sequence tagged with onboarding_drip",,pending_approval,none,"[""Hey HaveAIDoIt, I saw your post about the n8n webhook to PandaDoc workflow. That's a lot of steps for one proposal. We actually built ProposalBiz because we were doing similar things and wanted everything in one place, AI builds it instantly and handles the rest."", ""Honestly same struggle, we had like 5 tools just to send a proposal. That's why we built ProposalBiz - AI builds the whole thing from a prompt, handles signing and payments in one place, no more juggling. Saved us so much back and forth.""]"
@JaymeSelwy65901,https://x.com/JaymeSelwy65901,https://x.com/JaymeSelwy65901/status/2028384693406912839,"Automate client onboarding with an n8n workflow. Streamline processes and save hours weekly, allowing you to focus on scaling income streams instead of tedious tasks. Curious how? Check my profile.",,pending_approval,none,"[""Hey Jayme, I saw your post about automating client onboarding with n8n. That's exactly the kind of thing we built ProposalBiz for - saving hours on tedious proposal work so you can focus on scaling. AI builds the whole thing in seconds instead of hours."", ""We used to spend hours onboarding clients manually until we built ProposalBiz. AI now handles the whole proposal process in seconds, tracking, signing, everything. Saved us so much time we could focus on scaling instead of admin.""]"
@PixiNews,https://x.com/PixiNews,https://x.com/PixiNews/status/2027715585677660482,PandaDoc helps sales teams close faster by automating proposals and CPQ workflows. Try it: https://pandadoc.partnerlinks.io/y11ip8bfnbdt #CPQ #SalesEnablement #ProposalAutomation #RevOps,,pending_approval,none,"[""Hey @PixiNews, I am Sneh. Saw your post about PandaDoc helping sales teams close faster. We actually built ProposalBiz for the exact same reason - automating proposals and CPQ workflows to save time. The AI part means you can build an entire proposal from a one line prompt now."", ""Honestly been through this, we used to spend hours in pandadoc and still not know if they opened it. Built ProposalBiz to fix that exact pain, AI builds the whole proposal from a prompt and shows you exactly when they opened it.""]"
@GoHeartToHeart,https://x.com/GoHeartToHeart,https://x.com/GoHeartToHeart/status/2027589160773521507,"PandaDoc  Simplify contracts & close deals faster! Create, send & eSign docs in minutes  Work smarter  #Productivity #SalesTools #BusinessGrowth https://sovrn.co/dneu7yi",,pending_approval,none,"[""Hey there, I'm Sneh. Saw your post about PandaDoc - I've been through the same struggle, spending hours on proposals and still not knowing if they even opened it."", ""Honestly same story here, we used to juggle word canva pandadoc just to get a proposal out. That's why we built ProposalBiz, AI builds the whole thing from a prompt and shows you exactly when they open it. Saved us so many hours and the guessing game after sending""]"
@apexium0101,https://x.com/apexium0101,https://x.com/apexium0101/status/2027413448393372126,"Let AI handle your sales pipeline from lead to close (Part 1/2) 8 AI-Powered Sales workflows — ready to deploy: → 24/7 AI Sales Rep + Lead Scoring Engine → HubSpot AI Pipeline Optimizer → AI Proposal Machine (PandaDoc + ClickUp) → B2B Outreach Autopilot + SDR Pipeline → HighLevel CRM AI Agent (Full MCP) → Revenue Growth Multi-Agent CRO Team → Smart Service Package Recommender → Sales Pipeline AI Watchdog AI-powered prospecting, qualification, and follow-up. Built with n8n. No code required. #n8n #Automation #AISales #SalesAutomation",,pending_approval,none,"[""Hey @apexium0101, I'm Sneh. Saw your post about AI sales workflows. We actually built ProposalBiz specifically for that proposal part you mentioned - AI builds the entire thing from a one line prompt, then tracks exactly when they open it and which sections they spend time on."", ""We used to spend hours on proposals, then send them and hear nothing back. That silence was brutal. ProposalBiz fixes that - AI builds the whole thing in seconds, then shows exactly when they open it and what they looked at.""]"
@Karl_Kinder_,https://x.com/Karl_Kinder_,https://x.com/Karl_Kinder_/status/2027127749438066992,"I just cancelled 
@pandadoc
 and they charged me a full month 2 days later and told me they can't refund and that it's out of their hands.

Really Panda Doc? 

Was planning on returning but not anymore. They should take notes.",,pending_approval,none,"[""Hey Karl, I am Sneh. Saw your post about PandaDoc charging you after cancellation and refusing refund. That's rough, we've been through similar frustration with proposal tools. We built ProposalBiz to fix exactly that kind of hassle - no surprise charges, everything transparent."", ""That's brutal, we had the same issue with other tools, they'd charge you and ghost you. We built ProposalBiz to be different, no shady billing, just transparent pricing and AI that actually saves you hours instead of wasting them.""]"
@MattiSchroder,https://x.com/MattiSchroder,https://x.com/MattiSchroder/status/2026040378856751543,"A Kleio customer just reached out. They're tightening up their cash flow and have decided to pause spending on tools and apps for now. My reply: ""Just uninstall the app from the Shopify App Store. Everything gets cancelled automatically. And let me know if I can help with anything."" That's it. No hoops, no retention call, no begging. They're on a monthly plan, so there's nothing to ""get out of."" I've been on the other side of that table — trying to cancel tools when money was tight and getting zero empathy back. It's a terrible experience, and it never made me want to come back. If you run a SaaS, just do monthly. Let people subscribe and unsubscribe as they want. Business can turn upside down overnight, and the last thing anyone needs is a stack of subscriptions they can't get out of making it worse.",,pending_approval,none,"[""Hey Matti, saw your post about SaaS cancellations and monthly plans. Ngl we've been there too, built ProposalBiz as a monthly SaaS so people can come and go as needed. No lock-ins, no retention calls, just pay for what you use when you use it."", ""Honestly same struggle here, we used to charge annual upfront and it always felt off when someone needed to pause. Now we do monthly so people can hop on and off without the stress.""]"
@isdownapp,https://x.com/isdownapp,https://x.com/isdownapp/status/2027078886886875633,Is PandaDoc down for you?  Users are reporting problems with PandaDoc #pandadocdown. Repost if you are having issues. Check http://isdown.app/status/pandadoc?c=1772128242 for updates.,,pending_approval,none,"[""Hey, I am Sneh. Saw your post about PandaDoc being down. That's the worst timing when you're trying to close a deal. We actually built ProposalBiz because we were tired of juggling Word, Canva, PandaDoc, DocuSign and the downtime."", ""Haha this is too real, we used to check if pandadoc was down like 3 times a day. That's actually why we built ProposalBiz, so we'd never have to rely on someone else's platform going down again. AI builds the whole proposal and handles everything in one place now""]"
@JackL0ngman,https://x.com/JackL0ngman,https://x.com/JackL0ngman/status/2027028740354580820,"@Docusign
 i’ve been a customer for almost 4 years and I can’t believe how trash your support service is. We are trying to send time sensitive documents out. It prompted us to upgrade our account, so we did. It still said we didn’t have enough sends & prompted us to upgrade again.",,pending_approval,none,"[""Hey Jack, I am Sneh. Saw your post about DocuSign's support and upgrade issues. We built ProposalBiz specifically to avoid that kind of friction - AI creates proposals instantly, no upgrade prompts, and you can track exactly when they're opened."", ""I feel this so much, we had the same thing with DocuSign where it just kept asking us to upgrade mid deal. That's actually why we built ProposalBiz, no upgrade hoops, AI builds everything instantly and you can actually send without jumping through extra steps.""]"
@NovbaAi,https://x.com/NovbaAi,https://x.com/NovbaAi/status/2026910993855529408,The problem: Freelancers juggle 5-7 tools: - FreshBooks (invoicing) - Toggl (time tracking) - Notion (notes) - PandaDoc (proposals) - DocuSign (contracts) - QuickBooks (accounting) $150/month. 7 logins. Data chaos.,,pending_approval,none,"[""Hey NovbaAi, I saw your post about freelancers juggling 7 tools. We went through the exact same thing, ProposalBiz actually came out of that frustration - one platform with AI proposals, e-sign, and payments instead of the FreshBooks + Toggl + Notion + PandaDoc + DocuSign +..."", ""Same exact chaos for us too, freshbooks toggl notion pandadoc docusign quickbooks, the logins alone were a nightmare. We built ProposalBiz to kill all that, AI builds proposals and handles everything else in one place.""]"
@PixiNews,https://x.com/PixiNews,https://x.com/PixiNews/status/2025178918123081913,"Try it now! https://pandadoc.partnerlinks.io/y11ip8bfnbdt Save Time, Close Faster Your sales team can work smarter. HAAS Alert saves 120 hours/month by automating pricing & reducing admin tasks with PandaDoc CPQ. #TimeSavings #CPQAutomation #CPQSolutions #SalesEfficiency #HubSpotCRM",,pending_approval,none,"[""Hey PixiNews, saw your post about PandaDoc saving 120 hours/month. That's wild. We actually built ProposalBiz because we were doing the same thing - spending way too much time on proposals. AI builds the whole thing from one prompt now, saves us hours every week."", ""We were in the same boat, chasing pricing approvals and admin work for hours every week. That's exactly why we built ProposalBiz with AI that handles pricing and docs in one click, saving us the same 120 hours they mentioned.""]"
@constellationr,https://x.com/constellationr,https://x.com/constellationr/status/2025003039325913351,"RFP chaos? Not anymore. The ShortList for Strategic Response Management by 
@CR_MSchneider
 highlights the top solutions transforming proposal & response workflows. See who made the list – https://zurl.co/GTj8t 
@responsiveai
 
@OpenText
 
@loopioinc
 
@pandadoc
 
@prosal_io
 
@Tribble_ai
 
@Qvidian",,pending_approval,none,"[""Hey Constellationr, I saw your post about RFP chaos and the ShortList for Strategic Response Management. That's exactly what we built ProposalBiz for - the AI that creates proposals from a single prompt and tracks every detail after sending. Saved us so much time and stress."", ""I feel this, we used to spend days just on proposals, juggling word canva pandadoc, never knowing if they even opened it. ProposalBiz came out of that exact frustration, AI builds the whole thing from one prompt and you actually see when they read it. Saved us so much stress.""]"
@iheme_felix,https://x.com/iheme_felix,https://x.com/iheme_felix/status/2024837894418870780,"Uncle it is a pleasure meeting you here. Please I will like to know more about ""pandadoc"", Sounds interesting. I tried to put in up on my browser but saw nothing. Please Uncle shed more light.",,pending_approval,none,"[""Hey Felix, I'm Sneh. Saw your post about PandaDoc. Honestly we built ProposalBiz because PandaDoc still took too long even with templates, AI builds the whole proposal from one prompt now. Saved us hours."", ""Honestly same confusion at first, we used to juggle word canva pandadoc docuSign separately. That's why we built ProposalBiz - AI builds the whole proposal from one prompt, plus tracking and e-sign all in one place. Saved us hours every week.""]"
@Manavv2305,https://x.com/Manavv2305,https://x.com/Manavv2305/status/2024700301283057762,"We got tired of rewriting proposals.

• Google Slides (free stack)
• PandaDoc (paid + invoice attached)

So we built this.

Form submission > AI generates proposal copy >
Google Slides or PandaDoc > auto-filled > sent.

Started as an internal tool.
Now multiple clients run this.
We use two versions:

• Google Slides (free stack)
• PandaDoc (paid + invoice attached)",,pending_approval,none,"[""Hey Manavv2305, I am Sneh. Saw your post about building your own proposal tool. Honestly same journey here, we got tired of the Google Slides + PandaDoc juggling too."", ""Haha same story here, we were juggling word canva pandadoc and it was just messy. We built ProposalBiz because AI could do the whole proposal from one prompt and actually show you when they opened it. Saved us from rewriting everything every time.""]"
@obedchind,https://x.com/obedchind,https://x.com/obedchind/status/1029495873837912064,"Check out 
@pandadoc
 - the complete solution for client-facing #salesdocuments Love it! http://pandadoc.cc/2nwYyZT",,pending_approval,none,"[""Hey @obedchind, I'm Sneh. Saw your post about PandaDoc. We went through the same thing - loved the features but still spent way too long building proposals."", ""We used to use PandaDoc too, it's solid but still took hours even with templates. We built ProposalBiz because we wanted AI to build the whole proposal instantly and actually see when they opened it. Saved us so much midnight stress.""]"
@Manavv2305,https://x.com/Manavv2305,https://x.com/Manavv2305/status/2024700240318910518,"We got tired of rewriting proposals.

So we built this.

Form submission > AI generates proposal copy >
Google Slides or PandaDoc > auto-filled > sent.

Started as an internal tool.
Now multiple clients run this.",,pending_approval,none,"[""Hey Manavv2305, I am Sneh. Saw your post about building your own proposal tool. Ngl we went through the exact same thing, got tired of rewriting proposals too. That's literally why we built ProposalBiz. Same idea but AI builds the whole thing from a single prompt."", ""I get it, we had the exact same problem, rewriting proposals was killing us. We ended up building ProposalBiz for exactly this, AI builds the entire proposal from a prompt, then handles everything else. Same pain, different solution.""]"
@dan__rosenthal,https://x.com/dan__rosenthal,https://x.com/dan__rosenthal/status/2024578231416799589,"DOCUMENTS

Google Drive: Store all templates/client docs.
PandaDoc: All contracts",,pending_approval,none,"[""Hey Dan, I'm Sneh. Saw your post about juggling Google Drive and PandaDoc - we went through the same thing, ended up building ProposalBiz so AI handles the whole proposal and you get actual visibility after sending. Saved us from the midnight stress of proposal building."", ""Honestly same struggle here, we used to juggle drive then pandadoc then docusign. Ended up building ProposalBiz so everything's in one place now, AI builds the proposal from a prompt and handles signing too. Way less tab switching \ud83d\ude05""]"
@ai_talha,https://x.com/ai_talha,https://x.com/ai_talha/status/2024564718766346289,"Today we're launching the free E-Signing tool that businesses can use to manage and send their contracts. We call it GoSign :)

GoSign fully replaces your expensive SaaS like DocuSign, PandaDoc etc. It is fully compliant with ESIGN, UETA (US) and eIDAS (EU). All your documents are encrypted with the certificate of your choosing and the best part is, you can self host if you'd like :)

At 
@FoundingDev
 our mission is to help companies build their own SaaS and save thousands of $$$.

Please do try GoSign and share feedback. The link is in comments!

#DocuSign #saasisdead  #ai",,pending_approval,none,"[""Hey Talha, I saw your GoSign launch post, congrats on shipping! We went through the exact same journey building ProposalBiz - started with Word \u2192 Canva \u2192 PandaDoc and realized the real problem wasn't just signing, it was the hours wasted building proposals and the black hole..."", ""Honestly same struggle here, we used to juggle DocuSign and PandaDoc until we built ProposalBiz. AI builds the whole proposal from one prompt, e-sign, tracking, everything in one place. Saved us hours and the guesswork after sending.""]"
@justin_butlion,https://x.com/justin_butlion,https://x.com/justin_butlion/status/2024389169225896435,"1. CreateMySignature by 
@pandadoc
 

If you'd like to create a digital signature then PandaDoc's ""sidecar"" product, CreateMySignature will do the trick.

By targeting a narrow but high-demand problem, PandaDoc is able to promote their core product to a large audience indirectly.",,pending_approval,none,"[""Hey Justin, I saw your post about PandaDoc's CreateMySignature. We actually built ProposalBiz because we were juggling Word, Canva, and PandaDoc too, but the AI part was missing."", ""We used to struggle with the same thing, sending proposals and just hoping they'd sign. That's why we built ProposalBiz, same e-sign and tracking but AI builds the whole proposal instantly from a one line prompt. Saved us so much time.""]"
@colinushkowitz,https://x.com/colinushkowitz,https://x.com/colinushkowitz/status/2023941660996931779,"If your business contracts aren’t through DocuSign, I already know you’re cutting corners.

It screams:

Cheap.
Clueless about legal risk.",,pending_approval,none,"[""Hey Colin, I saw your post about DocuSign being the gold standard. We actually built ProposalBiz because we were in the same boat - sending proposals through multiple tools and still not knowing if they opened it. The AI part just builds the whole proposal instantly now."", ""Honestly same frustration here, used to stay up \nfixing contracts and still not know if they opened \nit. DocuSign helped but we built ProposalBiz for \nthe whole process - AI drafts, e-sign, payments, \nall in one place. No more juggling tools.""]"
@MadeDocs,https://x.com/MadeDocs,https://x.com/MadeDocs/status/2024087824748990883,"he legal difference usually isn’t really about choosing between DocuSign and PandaDoc - it’s about compliance standards, audit trails, encryption, and how the solution is implemented within your workflow.

Try Docs Made Easy - combining document generation and secure signing",,pending_approval,none,"[""Hey @MadeDocs, I'm Sneh. Saw your post about DocuSign vs PandaDoc and the legal side of things. We actually built ProposalBiz for exactly that - AI proposal generation plus e-sign and audit trails all in one place. The compliance and tracking part was a big reason for us too."", ""Same struggle here honestly, we used to bounce between tools and never knew if anything was actually compliant. ProposalBiz just handles it all in one place with audit trails and e-sign built in, no more guessing.""]"
@manafov0817,https://x.com/manafov0817,https://x.com/manafov0817/status/2022619033888239934,"Proposal emails land in spam. One MSP owner lost a client because of it. PandaDoc's fix? ""Pay more to send from your own domain.""

Integrations look good on paper but break in practice. Stripe integration creates duplicate customers. PandaDoc called it ""working as expected.""",,pending_approval,none,"[""Hey manafov0817, saw your post about proposal emails landing in spam and integrations breaking. We had the same issue with PandaDoc and Stripe, ended up building ProposalBiz to fix exactly that. No more spam folder problems or duplicate customers."", ""Ngl we had the exact same spam issue, lost deals because proposals just disappeared. Then the integrations broke constantly too. That's literally why we built ProposalBiz, no extra domain fees and integrations that actually work.""]"
@thedanielfazio,https://x.com/thedanielfazio,https://x.com/thedanielfazio/status/2022390751900971025,"The valid ones that I give are “I did all of the action items and didn’t get any results” - which I give. They get refunded.

The fraudulent ones always follow the same pattern:

1. They view the contract like 4-6 times and read it for 30 minutes (I can see this in pandadoc)
2. They send me an email with a compliment about how great the program and and how regretfully they have to request a refund
3. I send them a copy of the contract, point out I saw them looking at it, and reiterate they have not done the requirements
4. They get angry and defensive and make up some new reason they manage to concoct. Normally something about “false advertising” (not true) or “not what I expected” (not true, they saw the deliverables before buying)
5. I loop in my attorney. He reiterates the same thing to them. Same decision tree applies.",,pending_approval,none,"[""Hey Daniel, I am Sneh. Saw your post about refund requests and the pattern you noticed. We built ProposalBiz to track exactly this kind of thing, so you can see exactly when they opened it and how long they spent, completely changed how we handle those situations."", ""We had the exact same problem, people would read the contract 5 times then claim they didn't understand it. ProposalBiz shows exactly when they opened it and how long they spent, saved us so many arguments.""]"
@canusign,https://x.com/canusign,https://x.com/canusign/status/2022516662688452625,"For unlimited envelopes + team: check Zoho Sign or PandaDoc (much cheaper tiers). If your volume varies, per-contract pricing can save a lot - we do exactly that at http://canusign.com (EUR 1/contract or EUR 15/mo unlimited). No lock-in, no surprise renewals.",,pending_approval,none,"[""Hey @canusign, saw your post about pricing and tiers. We built ProposalBiz because we were juggling word canva pandadoc and still losing deals from slow proposals. AI builds the whole thing instantly now, saves us hours every time."", ""Used to be exactly there, juggling zoho sign and pandadoc for different clients, hated the per contract surprises. We built ProposalBiz so AI handles the proposal creation and everything stays in one place, no more jumping between tools. Saved us a lot of those late night edits.""]"
@prairie_group,https://x.com/prairie_group,https://x.com/prairie_group/status/2022370389075079313,"Sales teams waste hours toggling between tools. Combine Pipedrive, http://Apollo.io, JustCall, and PandaDoc to automate lead capture, calls, and proposals. Less admin. More closed deals. #CRMautomation #Pipedrive #CRMsetup #Apolloio #SmallBusinessGrowth",,pending_approval,none,"[""Hey Prairie, I'm Sneh. Saw your post about sales teams juggling tools - we built ProposalBiz because we were exactly there, toggling between word canva pandadoc. AI builds proposals instantly and tracks everything in one place. Saved us hours every week."", ""Used to do the exact same thing, word canva pandadoc back and forth, lost deals because it took too long. Built ProposalBiz so AI builds the whole proposal in one go and you can actually see when they open it, no more juggling.""]"
@josh_wenke,https://x.com/josh_wenke,https://x.com/josh_wenke/status/2021763057450725641,"Brave seems to break a couple sites that integrate with each other. For example PandaDoc and Pipedrive. Even with shields off and trying to allow cookies, it's just too secure for the integration to work smoothly!",,pending_approval,none,"[""Hey Josh, I'm Sneh. Saw your post about Brave breaking PandaDoc and Pipedrive integrations. That's exactly why we built ProposalBiz - it works anywhere without those issues. The AI builds proposals instantly and tracks everything, no browser conflicts needed."", ""Yeah that was exactly our frustration too, we used to juggle between brave pandadoc and pipedrive and nothing worked smoothly. We built ProposalBiz so it runs in any browser and integrates directly with your crm, no more broken links or missing data.""]"
@orchidsapp,https://x.com/orchidsapp,https://x.com/orchidsapp/status/1999558962618990784,People are already replacing their subscriptions with Pandadoc (billion dollar company) with software built on Orchids in just a few days.,,pending_approval,none,"[""Hey @orchidsapp, I am Sneh from ProposalBiz. I saw your post about people replacing PandaDoc with software built on Orchids. We actually built ProposalBiz because we were frustrated with PandaDoc too - the AI part is what finally fixed our proposal problem."", ""I remember when we were stuck in the same cycle, juggling Word \u2192 Canva \u2192 PandaDoc just to get one proposal out. The worst part was not knowing if they even opened it. That's why we built ProposalBiz, AI builds it instantly and you actually see what's happening after you send.""]"
@Bonigala,https://x.com/Bonigala,https://x.com/Bonigala/status/1999503528738328963,"Just cancelled a $50 monthly subscription to Pandadoc that we have been using to send our agency proposals for years now! We vibe coded our own system complete with agreement signing and payment integration using 
@orchidsapp
 - we have a few more such subscriptions that we will be canceling and replace with vibe coded systems in the coming weeks!!",,pending_approval,none,"[""Hey Bonigala, I am Sneh. Saw your post about cancelling Pandadoc and building your own system. We went through the exact same journey, spent years on word then canva then pandadoc before building ProposalBiz with AI to handle proposals and signing in one place."", ""Ngl I get it, we were in the exact same spot with PandaDoc, used to juggle word canva pandadoc docusign. Built ProposalBiz because we were just tired of the monthly fees and the hours it took. AI builds the whole proposal now and handles signing payments in one place.""]"
@prairie_group,https://x.com/prairie_group,https://x.com/prairie_group/status/2020212436993814687,"Disjointed sales tools slowing you down? Connect Pipedrive, http://Apollo.io, JustCall, and PandaDoc to automate follow-ups and close deals faster. Start your 30-day Pipedrive trial today!",,pending_approval,none,"[""Hey @prairie_group, I'm Sneh. Saw your post about disjointed sales tools and totally get it - we built ProposalBiz because we were juggling Pipedrive, Apollo, JustCall and PandaDoc too. Now everything's in one place with AI that builds proposals instantly."", ""Honestly been through this, we used to juggle 4 different tools just to send a proposal. The follow ups were a mess and we never knew if they even opened it. That's why we built ProposalBiz, AI builds the whole thing and tracks everything in one place. Saved us so much time.""]"
@blake_hagz,https://x.com/blake_hagz,https://x.com/blake_hagz/status/2019524480843018698,What’s your Docusign work around? It’s getting expensive,,pending_approval,none,"[""Hey Blake, I'm Sneh. Saw your post about DocuSign costs. We went through the same thing, ended up building ProposalBiz with AI proposals, e-sign, tracking, all in one place. Saved us a lot vs paying per document."", ""Honestly same struggle, DocuSign pricing was killing us too. We built ProposalBiz with AI to handle everything DocuSign does plus build the proposal itself, so now it's all in one place without the crazy per-user costs.""]"
@CathyWilliamsCA,https://x.com/CathyWilliamsCA,https://x.com/CathyWilliamsCA/status/2019236481425109145,"I'm in Canada. I use PandaDoc (paid version) for documents that need a ""written"" signature on them.  They are SanFrancisco based.  Very similar look to DocuSign.  I use a Canadian product called eCourier eSignature for things that need to stay on a Canadian cloud server.",,pending_approval,none,"[""Hey Cathy, I'm Sneh. Saw your post about PandaDoc and eCourier. We built ProposalBiz because we were juggling multiple tools too, AI builds proposals instantly and tracks exactly when they open it. Might be worth checking out."", ""We were in the same boat with multiple tools for different needs, switching between platforms was a daily headache. That's exactly why we built ProposalBiz, AI builds the proposal and handles e-sign in one place so you're not juggling different apps anymore.""]"
@andreacpa0,https://x.com/andreacpa0,https://x.com/andreacpa0/status/2019224548886077615,"i got so mad, i punched docusign in similar news, what is everyone using for electronic signatures on 8879s?",,pending_approval,none,"[""Hey Andrea, I am Sneh. I saw your post about punching DocuSign over 8879s, that frustration is too real. We actually built ProposalBiz with AI to handle signatures and everything else in one place, might save you the next punch."", ""I used to lose my mind with DocuSign too, we'd send 8879s and just pray they signed. That's why we built ProposalBiz with e-sign built in, tracks exactly when they open and sign, no more guessing or punching walls.""]"
@dnichik,https://x.com/dnichik,https://x.com/arronnes/status/2018965422205485071,"We spend $516.59 in January for services in our web dev agency: Servers - $93.63 Slack - $113.75 Jira - 135.75 QuickBooks - $38 PandaDoc - $15 OpenAI - $20 Google Workspace - $38.21 C-Corp annual fee - $62.25 It’s without contractors payments of course, the main expense.",,pending_approval,none,"[""Hey Dnichik, I am Sneh. Saw your post about web dev agency expenses. That $15 for PandaDoc caught my eye - we built ProposalBiz to replace tools like that. AI builds proposals instantly and tracks opens, all in one place. Might save you some budget."", ""I used to juggle all these tools too, it was a mess. We built ProposalBiz to replace pandadoc and openai with one thing, so you're not paying for multiple subscriptions. Saved us about $30 a month and cut proposal time from hours to minutes.""]"
@dnichik,https://x.com/dnichik,https://x.com/dnichik/status/2018965427612012624,"We spend $516.59 in January for services in our web dev agency:

Servers - $93.63
Slack - $113.75
Jira - 135.75
QuickBooks - $38
PandaDoc - $15
OpenAI - $20
Google Workspace - $38.21
C-Corp annual fee  - $62.25

It’s without contractors payments of course, the main expense",,pending_approval,none,"[""Hey Dan, saw your post about your January expenses. We actually built ProposalBiz because we were paying for PandaDoc, DocuSign, and Canva separately and still spending hours on proposals. Now it's all in one place with AI that builds the whole thing from a single prompt."", ""Honestly this is exactly what we used to deal with, \njuggling pandadoc plus 5 other tools just to get \none proposal out. Built ProposalBiz to cut that \ndown, AI builds it in one go and handles signing \nin the same place. Saved us a lot of those monthly \nfees.""]"
@arronnes,https://x.com/arronnes,https://x.com/arronnes/status/2018838074516472033,"Scope creep eating profits? Trick: Add ""Change Order Clause"" to every proposal: $150/hr for extras, pre-approved only. Tool: HelloSign or PandaDoc for e-sign. Result: Cut unpaid work 70%. Protected $12k last quarter. Boundaries = bank. Enforce them.",,pending_approval,none,"[""Hey Arronnes, I saw your post about scope creep and change orders. That's exactly the problem we ran into before building ProposalBiz - AI builds the proposal and then you can add those clauses automatically, plus track every revision so nothing slips through."", ""Used to lose so much to scope creep before we built ProposalBiz. Now AI builds proposals with change order clauses built in automatically, e-sign included, and we actually track when they open it so there's no guessing. Saved us the same headache.""]"
@prairie_group,https://x.com/prairie_group,https://x.com/prairie_group/status/2018731343153172598,"Cut proposal time in half with PandaDoc. Build, send, and track faster—no manual work or chasing signatures. What's your biggest proposal bottleneck?",,pending_approval,none,"[""Hey @prairie_group, I'm Sneh. Saw your post about PandaDoc cutting proposal time in half. We actually built ProposalBiz because we were in the exact same spot, AI builds the whole proposal from a single prompt and shows you exactly when they open it. Saved us hours every week."", ""We used to spend hours in PandaDoc just to still not know if they opened it. That's why we built ProposalBiz, AI builds the whole proposal in seconds and you actually see when they open it. Saved us so much time and stress.""]"
@FahimAIreviews,https://x.com/FahimAIreviews,https://x.com/FahimAIreviews/status/2017622902414147675,"I cancelled 5 expensive subscriptions after finding PandaDoc. I just tested PandaDoc. The ""PDF Shuffle""—downloading, uploading, and chasing clients for signatures across three different apps. Real-time tracking that tells you exactly when a prospect opens your proposal.",,pending_approval,none,"[""Hey Fahim, I am Sneh. I saw your post about PandaDoc and the PDF shuffle problem. We built ProposalBiz for exactly this - AI builds the entire proposal from a one line prompt and you get real-time tracking without the juggling."", ""We used to have the exact same problem, juggling word canva pandadoc docuSign just to get a proposal out. That's why we built ProposalBiz, one place for everything with AI doing the heavy lifting. Saved us from exactly this chaos.""]"
@3quanax,https://x.com/3quanax,https://x.com/3quanax/status/2017618671493931399,Stop wasting hours on manual RevOps tasks. Quick fix: • Set up automated workflows in HubSpot • Integrate with PandaDoc for instant doc creation Regain 3 hours a week.,,pending_approval,none,"[""Hey 3quanax, saw your post about RevOps tasks. We had the exact same problem - hours lost on manual proposals. Built ProposalBiz to fix it. AI builds docs instantly, tracks opens, handles e-sign - all in one place. Saved us so much time."", ""We used to do the same thing, HubSpot + PandaDoc workflow but still ended up wasting hours on the actual proposal content. ProposalBiz AI builds it instantly from a prompt, so you skip the manual drafting part entirely.""]"
@undrvalue,https://x.com/undrvalue,https://x.com/undrvalue/status/2017421683339235820,"$DOCU: the trust layer of remote work A hidden gem in SaaS land? The sad story: > eSignatures are commoditized > Growth is slowing. > Retention is dropping as seats erode > PandaDoc exists at a fraction of the price All true... and all priced in. By numbers: - Forward P/E: 12.8x - FCF: $1.17B (37% margin) - Gross margin: 79.5% - Market share: ~55% - 95% of Fortune 500 This is a business throwing off a respectable $1.2B in cash trading at 9x FCF. And if it's so dead, why hasn't it been disrupted? Free alternatives exist. They've existed for years. Enterprise doesn't care. The switching costs are real - DOCU is wired into Salesforce, Google Workspace, Oracle, Microsoft. 1,000+ integrations. Ripping it out is a multi-quarter project no one wants to own. And candidly, it's got a network effects moat with a status signal component. Any successful enterprise should be able to afford and use the best-in-class eSig for key agreements. It's a red flag if you don't. And yet, the bull case isn't about today's esig biz. It's about AI-powered contract lifecycle tools on top of the signature layer. They can upsell the existing base to higher-value tools and the business transforms. And here's an angle I don't think anyone's considering: agent-to-agent agreement verification. When AI agents negotiate and execute contracts, they'll need a trust layer with legal standing. $DOCU has the identity infrastructure, the enterprise relationships, and the regulatory moat already built. Growth is slowing. That's the opportunity. The ""figured-out"" version of DOCU trades at 20-25x. The messy transition is a good deal at 13x.",,pending_approval,none,"[""Hey [Name], I am Sneh. I saw your post about DocuSign's trust layer. We had the same issue, even with DocuSign, still guessing after sending proposals. That's why we built ProposalBiz with AI and real-time tracking."", ""Ngl used to be exactly this, sending proposals and hearing nothing back for days, just guessing if they even opened it. That's why we built ProposalBiz, shows you exactly when they open it and how long they spent on each section, completely changed our follow up game.""]"
@FahimAIreviews,https://x.com/FahimAIreviews,https://x.com/FahimAIreviews/status/2016966830703902966,5 features in PandaDoc that saved me 20+ hours this week. I just tested PandaDoc. Word formatting hell -> Export to PDF -> Upload to Docusign -> Email manually -> Pray they sign. One-click generation from CRM -> Auto-filled variables -> Real-time open tracking.,,pending_approval,none,"[""Hey Fahim, I saw your PandaDoc post. We built ProposalBiz because we went through the exact same word formatting hell -> docusign -> pray they sign loop. AI builds the whole proposal from one prompt now and you actually see when they open it. Saved us way more than 20 hours."", ""We used to do the same exact workflow, word export pdf docusign pray. That's literally why we built ProposalBiz, AI builds it from a prompt and shows exactly when they open it. Same pain, different solution.""]"
@omnijobs_co,https://x.com/omnijobs_co,https://x.com/omnijobs_co/status/2016965887903854951,"I just made a list of recently opened remote Marketing jobs, so there should still chance to apply early. I hope this helps someone! - Media Planner @ Ziff Davis -  $45–55K/y - eCommerce Growth Manager @ Zwift -  $110–150K/y - Director of Brand Marketing @ PandaDoc -  ~$240K/y - Director, CRM @ Block - Marketing Programs Specialist @ Momentus Technologies - Product Marketing Specialist @ SureCost -  $80–88K/y - Head of Commercial Product Marketing (US) @ TD Bank, N.A. -  $149–223K/y - Marketing Manager @ Idera, Inc. - Sr. Solution Portfolio Marketing Manager @ PAR Technology -  $120–150K/y Leave a like if you found this helpful!",,pending_approval,none,"[""Hey @omnijobs_co, I am Sneh. I saw your post about remote marketing jobs - those salaries are wild! I used to spend hours on proposals for jobs like these, so we built ProposalBiz to cut that down to minutes with AI. Saved us so much late night stress."", ""I used to do this exact thing, bookmarking jobs and then losing track of which ones I applied to. We built ProposalBiz to fix our own chaos - AI builds proposals instantly and tracks everything so you never miss a follow up again.""]"
@abdulwaheed689,,https://x.com/abdulwaheed689/status/2016783600176251387,"Tool Name: PandaDoc Best for: agencies Price Range: $10 - $60 Free Version: Yes Beneftis: Proposal automation, E-signatures, Templates Tool URL:",,pending_approval,none,"[""Hey Abdul, I saw your PandaDoc post. We actually built ProposalBiz for exactly this - proposal automation with AI that builds the whole thing from a prompt, plus e-sign and tracking. Same frustration you mentioned, just took it further."", ""We used to use pandadoc too, spent hours on proposals and still had no idea if they opened it. Built ProposalBiz so AI builds the whole thing instantly and you can actually see when they view it.""]"
@KnocEdge,https://x.com/KnocEdge,https://x.com/KnocEdge/status/2016453458199458091,The Proposal That Writes Itself proposals: 3 hours of ctrl+f replacing names hubspot + make + pandadoc: 4 minutes agency went 2→8 proposals/day Send us a dm to get Started!,,pending_approval,none,"[""Hey @KnocEdge, I am Sneh. I saw your post about proposals taking hours. We had the exact same problem, used to spend nights fixing them. That's why we built ProposalBiz, AI builds the whole thing from a one line prompt and tracks exactly when they open it."", ""We were there too, spent hours on proposals, lost clients because of it. Built ProposalBiz so AI does the writing in minutes and you can actually see when they open it. Same pain, better solution.""]"
@3quanax,https://x.com/3quanax,https://x.com/3quanax/status/2015081560374993156,"SaaS onboarding mistakes are too common. Here's how to fix: • Map out a simple, clear customer journey • Use triggers to automate welcome messages via HubSpot • Schedule regular check-ins through PandaDoc Boosts retention and reduces churn.",,pending_approval,none,"[""Hey 3quanax, I am Sneh. Saw your post on SaaS onboarding mistakes. Totally agree on the importance of a clear customer journey. We actually built ProposalBiz to help with this."", ""We used to spend hours on onboarding docs, sending them and then just hoping clients actually opened them. ProposalBiz shows you exactly when they engage so you can follow up at the perfect time. Saved us so much of that guesswork.""]"
@SelfTSuccess,https://x.com/SelfTSuccess,https://x.com/SelfTSuccess/status/2014879595015573803,"I tried to use 
@AgreeHQ
 a free version of 
@pandadoc


Figured I could eliminate an unnecessary monthly expense even if it's small

Spent an hour trying to create a contract & get the formatting right, not my strong suit but a total mess

Sometimes it pays to pay. Back to PandaDoc",v,pending_approval,none,"[""Hey @SelfTSuccess, I am Sneh. I saw your post about AgreeHQ vs PandaDoc. I've been there too - tried the free route, ended up wasting hours on formatting. That's exactly why we built ProposalBiz, AI handles all the formatting so you don't have to."", ""Ngl I've been there, we tried every free tool and it always ended up costing more time than the subscription saved. That's why we built ProposalBiz, AI handles the formatting so you just type what you want and it builds the whole thing instantly. Saved us hours every week.""]"
@scaryfish,https://x.com/scaryfish,https://x.com/scaryfish/status/2014019776054469106,"Interesting that if you cancel a document with
@docusign
, it still comes off your quota. Plus,
@pandadoc
s free plan is currently better than my DocuSign paid plan. Don't think I'll be renewing.",,pending_approval,none,"[""Hey @scaryfish, I'm Sneh. Saw your post about DocuSign quota issues and PandaDoc's free plan being better. That's exactly why we built ProposalBiz - no quotas, AI builds proposals instantly, and you get full visibility after sending. Might be worth checking out."", ""Honestly same frustration here, used to hate that with DocuSign. We built ProposalBiz so you can actually see if they opened it and how long they spent on each section, plus AI builds the whole thing from one prompt. No more quota stress.""]"
@UX_Daniell,https://x.com/UX_Daniell,https://x.com/Danx_Ui/status/2012384108832227371,"Hello 
@sbarysiuk
 

Huge fan of what you and the team are building at 
@pandadoc
 

I’m Daniel a product designer, must say I’m impressed how well the product is positioned for growth and scalability.

I’d love to join the design team with my skills in growth design and conversion optimization. Crafting experiences that drive user acquisition, retention, and revenue as the business scales. 

I’m confident I could bring real impact to the table.

Quick look at my work if you ever need anything:
https//:http://dribbble.com/Onyebs_daniel.",,pending_approval,none,"[""Hey Daniel, I'm Sneh. Saw your post about wanting to join the design team at PandaDoc. We actually built ProposalBiz because we were in the same boat, juggling multiple tools for proposals and losing deals from the wait times."", ""Honestly same struggle we had for years, bouncing between word canva pandadoc just to get a proposal out. That's why we built ProposalBiz, AI builds the whole thing from one prompt and you actually see when they open it. Saved us so much time and stress.""]"
@yoeven,https://x.com/yoeven,https://x.com/yoeven/status/1993391815991738806,"I thought the days were gone when cancelling or downgrading a subscription would require email or chat with support. 
@pandadoc
 doesn't allow you to downgrade your subscription and even chat takes 18hrs to respond to carry out one action",,pending_approval,none,"[""Hey @yoeven, I am Sneh. I saw your post about how frustrating it is to downgrade your subscription with PandaDoc. I totally get it, that's why we built ProposalBiz with no hidden hoops - cancel or downgrade anytime, instantly."", ""We used to deal with this exact thing at ProposalBiz, support delays and no self-service options were the worst. That's why we made it so you can upgrade, downgrade, or cancel anytime without waiting for anyone.""]"
@brooke_jamieson,https://x.com/brooke_jamieson,https://x.com/brooke_jamieson/status/2011812532109942867,omg the hoops I had to jump through yesterday to get pandadoc to play nicely with my emojis!!! Got there in the end but I will never be showing this workflow publicly lol,,pending_approval,none,"[""Hey Brooke, I am Sneh. Saw your post about the pandadoc emoji struggle - same frustration here. We built ProposalBiz so you can just type a prompt and it builds the whole proposal instantly, no more emoji drama. Saved us so much time."", ""Same emoji chaos here, spent hours once just trying to get formatting right in pandadoc. We built ProposalBiz to cut all that out, AI builds the whole thing and keeps the emojis intact. Saved us from ever jumping through those hoops again.""]"
@clare_liguori,https://x.com/clare_liguori,https://x.com/clare_liguori/status/2011665364837339240,"Help I have fallen into the deep end of changing my entire work flow around markdown I just spent HOURS making a pandoc template, custom pandoc mermaid filter, & post-processing script. All so I can write or generate docs in markdown, then spit out a perfectly formatted Word doc",,pending_approval,none,"[""Hey Clare, I'm Sneh. Saw your post about falling deep into markdown workflow changes. Ngl I've been there too, spent way too long on pandoc templates before realizing there had to be an easier way."", ""Honestly same pain, we used to spend hours on markdown templates and filters just to get docs looking right. That's why we built ProposalBiz, AI builds the whole thing instantly and exports to Word perfectly formatted. Saved us from all that manual template hell.""]"
@fran_builds,https://x.com/fran_builds,https://x.com/fran_builds/status/2011465257433137354,"Me at 18:  

- Barely spoke English 
- 60kg soaking wet  
- Lazy and only thought about partying
- Dependent on others  

Me at 24:  

- Head of Growth at start-up with clients such as ClickUp, PandaDoc and many others
- Speak multiple languages 
- Financially independent 
- 80kg BEAST 
- Empowering employees to build their personal brand through 
@rallyupteam


Breathe, you got this...

 Put in the reps and everything will work out just fine!",,pending_approval,none,"[""Hey Fran, I am Sneh. Saw your post about building from scratch - that's exactly what we did with ProposalBiz. We went through Word \u2192 Canva \u2192 PandaDoc and just got fed up, so we built our own thing with AI that builds proposals from a single prompt."", ""I used to be the guy staying up till midnight fixing proposals, sending them and hearing nothing back. We built ProposalBiz because we were tired of the juggling and guessing game. AI builds it in seconds now and you actually know when they opened it.""]"
@antomarchard,https://x.com/antomarchard,https://x.com/antomarchard/status/2011200832151445772,"for http://labelbase.co I am looking for an eSignature tool, with huge API access, webhooks, with an interesting pricing. Also it needs to be eIDAS and EU GDPR friendly, fast and secure. If you know someone, or a tool (except docusign, pandadoc, dropbox sign and yousign).. please tell me",,pending_approval,none,"[""Hey Anton, I saw your post about eSignature tools. We built ProposalBiz specifically for this exact problem, AI builds the entire proposal and handles signing in one place, no more juggling multiple tools."", ""We had the exact same struggle - needed EU compliant eSign with API and webhooks but everything else was either too slow or missing key pieces. Built ProposalBiz to fix that, full eIDAS/GDPR compliant with API and webhooks built in.""]"
@paolo_scales,https://x.com/paolo_scales,https://x.com/paolo_scales/status/2010655411138101342,one of our clients signed enterprise customers like pandadocs and clickup to their SaaS this is the power of linkedin,,pending_approval,none,"[""Hey Paolo, I'm Sneh. Saw your post about clients signing enterprise deals through LinkedIn - that's exactly the kind of momentum we're building with ProposalBiz. We're getting SaaS companies from zero to their first enterprise proposal in under 10 minutes with our AI platform."", ""I used to think linkedin was just another platform until we lost deals because we weren't visible enough. We built ProposalBiz after struggling with the same thing, now it's how we get enterprise clients without the cold outreach.""]"
@TrungTPhan,https://x.com/TrungTPhan,https://x.com/TrungTPhan/status/2009353145890296081,"Actually found a reasonable explainer on Reddit why Docusign needs 7,000 employees:

▫️”Lets say most people use the product 5 times a year, but 1% of people sign something with it 10 times a day. US alone, that's 5*250m + 10*365*2.5m. About 10 billion in the US.”

▫️Assume US is above average and rest of world is 25 billion signatures a year.

▫️ So that's 35 billion signatures a year. 95 million a day. 4 million an hour. About 1,000 signatures a second.

▫️The system has to work in every region of the world and following local contract laws for 100+ countries (that’s a lot of system administrators and lawyers).

▫️Build a hybrid on-prem/cloud system in every country that keeps all records and need backups on backups in case records go offline (more engineers and system administrators).

▫️Since so many contracts are time sensitive (eg. closing last second real estate deal, need 50 signatures in an hour,  court request), there has to be 24/7 customer success in all regions in case people forget passwords, can’t figure out platform, make a mistake (huge customer support team and more lawyers).

▫️Then marketing to reach new users and sales to close (and hand hold) large corporations and organizations that need custom solutions (enough e-signature competition that sales is important).

In total, DocuSign serves over 1 million paying customers from 180 countries (including 3,000 government agencies and most of Fortune 1000). 

It’s about 5,000 employees for sales, marketing and customer success to those customers. Another 2,000 employees for engineering, system admin and product development. 

Having said that, pace of Claude Code improvement is pretty wild…",,pending_approval,none,"[""Hey Trung, I saw your DocuSign breakdown, that's actually wild how many signatures flow through daily. We went through the same frustration with multiple tools and built ProposalBiz to handle everything in one place with AI doing the heavy lifting."", ""Haha this is too real, we used to spend hours on proposals in Word then Canva then PandaDoc and still lost deals because we had no idea if they even opened it. That's why we built ProposalBiz, AI builds the whole thing from a prompt and shows you exactly when they opened it.""]"
@jb_bouhier,https://x.com/jb_bouhier,https://x.com/jb_bouhier/status/2009253751035441547,What are your biggest learning? Mines: - Pick a specific niche - DM 50/day - When 10+ users talk about same pain - Build mockup (code or no-code) - Demo to users - Pre-sale (Stripe link + PandaDoc) - Build v0 (code or no-code) - Iterate - Engage publicly,,pending_approval,none,"[""Hey JB, saw your post about building products. Same exact path for us with ProposalBiz - started with the same pain of proposal building taking too long, ended up building AI that does it in one prompt. Saved us so many late nights."", ""Ngl we used to struggle with the same exact process, spent so much time on proposals and then just hoping for the best. Built ProposalBiz to fix that, AI builds the whole thing from a prompt and you actually see when they open it. Saved us from a lot of that guessing game.""]"
